<?xml version="1.0" encoding="UTF-8" standalone="yes"?>
<ns2:Network xmlns:ns2="http://www.example.org/Assignment1/">
    <NF-FGs>
        <NF-FG name="Nffg0" deployTime="2016-09-27T22:01:20.000+02:00">
            <node name="WEBSERVERt0Nffg0" hostName="H1">
                <link name="Link2" src="WEBSERVERt0Nffg0" dst="VPNb0Nffg0"/>
                <VNF name="WEBSERVERt" type="WEB_SERVER" memoryAmount="730" diskStorage="8500"/>
            </node>
            <node name="VPNb0Nffg0" hostName="H2">
                <link name="Link1" src="VPNb0Nffg0" dst="MAILCLIENTt0Nffg0"/>
                <link name="Link3" src="VPNb0Nffg0" dst="WEBSERVERt0Nffg0"/>
                <VNF name="VPNb" type="VPN" memoryAmount="34" diskStorage="800"/>
            </node>
            <node name="MAILCLIENTt0Nffg0" hostName="H0">
                <link name="Link0" src="MAILCLIENTt0Nffg0" dst="VPNb0Nffg0"/>
                <VNF name="MAILCLIENTt" type="MAIL_CLIENT" memoryAmount="44" diskStorage="40"/>
            </node>
        </NF-FG>
    </NF-FGs>
    <Hosts>
        <Host name="H0" maxNumberVFN="16" memoryAmount="4500" diskStorage="32000">
            <node name="MAILCLIENTt0Nffg0" hostName="H0">
                <VNF name="MAILCLIENTt" type="MAIL_CLIENT" memoryAmount="44" diskStorage="40"/>
            </node>
        </Host>
        <Host name="H1" maxNumberVFN="7" memoryAmount="7500" diskStorage="11000">
            <node name="WEBSERVERt0Nffg0" hostName="H1">
                <VNF name="WEBSERVERt" type="WEB_SERVER" memoryAmount="730" diskStorage="8500"/>
            </node>
        </Host>
        <Host name="H2" maxNumberVFN="7" memoryAmount="9900" diskStorage="90000">
            <node name="VPNb0Nffg0" hostName="H2">
                <VNF name="VPNb" type="VPN" memoryAmount="34" diskStorage="800"/>
            </node>
        </Host>
    </Hosts>
    <VNFs>
        <VNF name="MAILCLIENTt" type="MAIL_CLIENT" memoryAmount="44" diskStorage="40"/>
        <VNF name="WEBCLIENTt" type="WEB_CLIENT" memoryAmount="46" diskStorage="160"/>
        <VNF name="MAILSERVERt" type="MAIL_SERVER" memoryAmount="230" diskStorage="7700"/>
        <VNF name="WEBSERVERt" type="WEB_SERVER" memoryAmount="730" diskStorage="8500"/>
        <VNF name="CACHEa" type="CACHE" memoryAmount="99" diskStorage="930"/>
        <VNF name="VPNb" type="VPN" memoryAmount="34" diskStorage="800"/>
        <VNF name="VPNc" type="VPN" memoryAmount="75" diskStorage="950"/>
        <VNF name="NATd" type="NAT" memoryAmount="39" diskStorage="10"/>
        <VNF name="DPIe" type="DPI" memoryAmount="63" diskStorage="470"/>
    </VNFs>
    <Connections>
        <Connection src="H0" dst="H0" latency="0" averageThroughput="69.07"/>
        <Connection src="H0" dst="H1" latency="53" averageThroughput="62.87"/>
        <Connection src="H0" dst="H2" latency="86" averageThroughput="9.84"/>
        <Connection src="H1" dst="H0" latency="53" averageThroughput="71.81"/>
        <Connection src="H1" dst="H1" latency="0" averageThroughput="74.53"/>
        <Connection src="H1" dst="H2" latency="34" averageThroughput="64.23"/>
        <Connection src="H2" dst="H0" latency="86" averageThroughput="56.48"/>
        <Connection src="H2" dst="H1" latency="34" averageThroughput="10.37"/>
        <Connection src="H2" dst="H2" latency="0" averageThroughput="14.73"/>
    </Connections>
</ns2:Network>
