<?xml version="1.0" encoding="UTF-8"?>
<!DOCTYPE Network SYSTEM "nfvInfo.dtd" >
<Network>
    <NF-FGs>
        <NF-FG name="nffg0" deploy_time="2016-09-25T06:50:20.000+02:00">
            <node name="NATa" type="NAT">
                <link name="link1" src="NATa" dst="VPNb" />
            </node>
            <node name="VPNb" type="VPN">
            </node>
        </NF-FG>

        <NF-FG name="nffg1" deploy_time="2017-09-25T06:50:20.000+02:00">
            <node name="WEB_CLIENT1" type="WEB_CLIENT">
                <link name="link2" src="WEB_CLIENT1" dst="WEB_SERVER2" />
                <link name="link3" src="WEB_CLIENT1" dst="WEB_SERVER4" />
            </node>
            <node name="WEB_SERVER2" type="WEB_SERVER" />
            <node name="WEB_SERVER3" type="WEB_SERVER" />
            <node name="WEB_SERVER4" type="WEB_SERVER" />
        </NF-FG>
    </NF-FGs>
    <Hosts>
        <Host name="H0" maxNumberVFN="15" memoryAmount="8400" diskStorage="51000">
            <node name="WEBCLIENTt0Nffg0" type="WEB_CLIENT">
            </node>
        </Host>

        <Host name="H1" maxNumberVFN="4" memoryAmount="5700" diskStorage="28000">
            <node name="NATb0Nffg0" type="NAT">
            </node>
        </Host>
        <Host name="H2" maxNumberVFN="5" memoryAmount="7900" diskStorage="60000">
            <node name="NATb0Nffg3" type="NAT"/>
        </Host>

    </Hosts>
    <VNFs>
        <VNF name="MAILCLIENTt" type="MAIL_CLIENT" memoryAmount="75" diskStorage="670"/>
        <VNF name="WEBCLIENTt" type="WEB_CLIENT" memoryAmount="79" diskStorage="550"/>
        <VNF name="MAILSERVERt" type="MAIL_SERVER" memoryAmount="580" diskStorage="8300"/>
        <VNF name="WEBSERVERt" type="WEB_SERVER" memoryAmount="820" diskStorage="7300"/>
        <VNF name="FWa" type="FW" memoryAmount="63" diskStorage="320"/>
        <VNF name="NATb" type="NAT" memoryAmount="78" diskStorage="720"/>
    </VNFs>
    <Connections>
        <Connection src="H4" dst="H5" latency="0" averageThroughput="82.2"/>
        <Connection src="H7" dst="H8" latency="18" averageThroughput="73.38"/>
        <Connection src="H9" dst="H3" latency="22" averageThroughput="61.39"/>
    </Connections>
</Network>

