<?xml version="1.0" encoding="UTF-8"?>

<project basedir="." default="build-service" name="NFV-3">
  <description>
    Script for DP2-NFV Assignment 3
  </description>

  <property name="src.dir" location="${basedir}/src"/>
  <property name="lib.dir" location="${basedir}/lib"/>
  <property name="gen-src.dir" location="${basedir}/gen-src" />
  <property name="gen.dir" location="${basedir}/build" />

  <property name="schema.dir" location="${basedir}/xsd" />
  <property name="web.lib.dir" location="${basedir}/WebContent/WEB-INF/lib" />

  <!-- The location of the ... web service -->
  <property name="myWADL" value="http://localhost:${PORT}/Neo4JSimpleXML/webapi/application.wadl"/>
  <property name="myServiceWADL" value="${URL}/application.wadl"/>


  <!-- define compilation properties -->
  <property name="debug" value="true" />
  <property name="debuglevel" value="source,lines,vars" />
  <property name="target" value="1.8" />
  <property name="source" value="1.8" />

  <!-- The classpath to be used for compilation of the solution -->
  <path id="classpath">
    <fileset dir="${lib.dir}">
      <include name="**/*.jar" />
    </fileset>
    <fileset dir="${web.lib.dir}">
      <include name="**/*.jar" />
    </fileset>
    <fileset dir="${ext.lib.dir}">
      <include name="**/*.jar" />
    </fileset>
  </path>

  <!-- define wjc task (WADL to Java) -->
  <taskdef name="wjc" classname="org.jvnet.ws.wadl2java.WJCTask">
    <classpath>
      <fileset dir="${ext.lib.dir}" includes="*.jar" />
    </classpath>
  </taskdef>

  <!-- define the client artifacts generation target -->
  <target name="generate-artifacts" description="Generate bindings from WADL">
    <wjc description="${myWADL}" package="it.polito.dp2.NFV.sol3.service.wjc"
         autoSchemaPackage="false" target="${gen-src.dir}">
      <customizations dir="${root.location}" includes="binding.xjc"/>
      <customizations dir="${root.location}" includes="binding.xjc"/>

      <depends dir="${root.location}" includes="build.xml"/>
    </wjc>
  </target>

  <!-- Target chk-bindings -->
  <target name="-chk-bindings">
    <uptodate property="generate-bindings.notRequired" targetfile="${gen-src.dir}/.flagfile">
      <srcfiles dir="${schema.dir}" includes="**/*.xsd" />
    </uptodate>
  </target>

  <!-- Target generate-bindings -->
  <target name="generate-bindings" unless="generate-bindings.notRequired" depends="-chk-bindings" description="Generate bindings from schema">
  <exec executable="xjc" failonerror="true" >
    <arg value="-d" />
    <arg value="${gen-src.dir}" />
    <arg value="-p" />
    <arg value="it.polito.dp2.NFV.sol3.service.xjc" />
    <arg value="${schema.dir}/NfvDeployer.xsd" />
  </exec>
  <touch file="${gen-src.dir}/.flagfile" />
  </target>

  <!-- Target Target compile -->
  <target name="compile-service">
    <javac destdir="${gen.dir}"
           debug="${debug}"
           debuglevel="${debuglevel}"
           source="${source}"
           target="${target}"
           includeantruntime="false"
    >
      <src path="${gen-src.dir}" />
      <src path="${src.dir}" />
      <include name="it/polito/dp2/NFV/sol3/service/**" />
      <classpath>
        <path refid="classpath" />
      </classpath>
    </javac>
  </target>

  <target name="build-service">
    <mkdir dir="${gen-src.dir}" />
    <copy todir="${gen.tomcat.service.dir}/WEB-INF/classes/xsd" overwrite="true">
      <fileset dir="${schema.dir}"/>
    </copy>
    <ant antfile="${sol.build.filepath}" target="generate-artifacts"/>
    <ant antfile="${sol.build.filepath}" target="generate-bindings"/>
    <ant antfile="${sol.build.filepath}" target="compile-service"/>
  </target>

  <target name="generate-artifacts-for-client1" description="Generate bindings from service's WADL">
    <wjc description="${myServiceWADL}" package="it.polito.dp2.NFV.sol3.client1.wjc"
         autoSchemaPackage="false" target="${gen-src.dir}">
      <customizations dir="${root.location}" includes="binding.xjc"/>
      <depends dir="${root.location}" includes="build.xml"/>
    </wjc>
  </target>

  <target name="generate-artifacts-for-client2" description="Generate bindings from service's WADL">
    <wjc description="${myServiceWADL}" package="it.polito.dp2.NFV.sol3.client2.wjc"
         autoSchemaPackage="false" target="${gen-src.dir}">
      <customizations dir="${root.location}" includes="binding.xjc"/>
      <depends dir="${root.location}" includes="build.xml"/>
    </wjc>
  </target>

  <target name="compile-client1">
    <javac destdir="${gen.dir}"
           debug="${debug}"
           debuglevel="${debuglevel}"
           source="${source}"
           target="${target}"
           includeantruntime="false"
    >
      <src path="${gen-src.dir}" />
      <src path="${src.dir}" />
      <include name="it/polito/dp2/NFV/sol3/client1/**" />
      <classpath>
        <path refid="classpath" />
      </classpath>
    </javac>
  </target>

  <target name="compile-client2">
    <javac destdir="${gen.dir}"
           debug="${debug}"
           debuglevel="${debuglevel}"
           source="${source}"
           target="${target}"
           includeantruntime="false"
    >
      <src path="${gen-src.dir}" />
      <src path="${src.dir}" />
      <include name="it/polito/dp2/NFV/sol3/client2/**" />
      <classpath>
        <path refid="classpath" />
      </classpath>
    </javac>
  </target>

  <target name="build-client">
    <ant antfile="${sol.build.filepath}" target="generate-artifacts-for-client1"/>
    <ant antfile="${sol.build.filepath}" target="generate-artifacts-for-client2"/>
    <ant antfile="${sol.build.filepath}" target="compile-client2"/>
    <ant antfile="${sol.build.filepath}" target="compile-client1"/>
  </target>

</project>