<?xml version="1.0" encoding="UTF-8"?>

<project basedir="." name="tomcat-build">
	<description>
		Script for Controlling Tomcat (to be imported in main build)
	</description>

	<property environment="env"/>
	<property name="tomcatUsername" value="root" />
	<property name="tomcatPassword" value="root" />
	<property name="env.CATALINA_HOME" value="/usr/local/Cellar/tomcat/9.0.6/libexec"/>
	<property name="server.location" location="${env.CATALINA_HOME}" />
	<property name="tomcatPort" value="8080" />
	<property name="tomcatUrl" value="http://localhost:${tomcatPort}/manager/text" />



	<!--PROPERTIES AND TASKS TO BE OVERRIDDEN BY MAIN BUILD-->
	<property name="service.name" value="service" />
	<property name="root.location" value="." />
	
    <target name="package-service">         
    </target>


	<path id="tomcat.class.path">
		<fileset dir="${server.location}/lib">
			<include name="**/*.jar" />
			<include name="**/*.zip" />
		</fileset>
		<pathelement location="${server.location}/bin/bootstrap.jar" />
		<pathelement location="${server.location}/bin/tomcat-juli.jar" />
	</path>
	
	<!-- Configure the custom Ant tasks for the Manager application -->
	<import file="${server.location}/bin/catalina-tasks.xml" />
	
	<!-- TOMCAT LIFECICLE MANAGEMENT-->
	<target name="start-tomcat" depends="check-tomcat-status" unless="tomcat.started" description="Start tomcat server">
		<echo>Start Tomcat</echo>
		<java classname="org.apache.catalina.startup.Bootstrap" fork="true"
			classpathref="tomcat.class.path">
			<jvmarg value="-Dcatalina.home=${server.location}" />
			<jvmarg value="-Dit.polito.dp2.NFV.lab3.Neo4JSimpleXMLURL=${Neo4JSimpleXMLURL}" />
			<!--jvmarg value="-Dit.polito.dp2.NFV.Random.seed=${seed}" /-->
			<jvmarg value="-Dit.polito.dp2.NFV.NfvReaderFactory=${NfvInfo.NfvReaderFactory}" />

		</java>
	</target>

	<target name="stop-tomcat" depends="check-tomcat-status" if="tomcat.started" description="Stop tomcat server">
		<echo>Stop Tomcat</echo>
		<java classname="org.apache.catalina.startup.Bootstrap" fork="true"
			classpathref="tomcat.class.path">
			<jvmarg value="-Dcatalina.home=${server.location}" />
			<arg line="stop" />
		</java>


	</target>

	<target name="check-tomcat-status">

		<condition property="tomcat.started">
			<socket server="localhost" port="${tomcatPort}" />
		</condition>
	</target>
	
	
	<!-- WEBSERVICE LIFECICLE MANAGEMENT-->
	<target name="deployWS" depends="package-service" description="Deploy service to tomcat">
		<!-- Set seed in Tomcat Server -->
		<java classname="it.polito.dp2.NFV.lab3.SeedSetter" failonerror="true" fork="yes">
			<sysproperty key="it.polito.dp2.NFV.Random.seed" value="${seed}"/>
			<sysproperty key="it.polito.dp2.NFV.lab3.Neo4JSimpleXMLURL" value="${Neo4JSimpleXMLURL}" />
			<classpath>
				<fileset dir="${ext.lib.dir}">
				    <include name="*.jar" />
					<exclude name="ant-*.jar"/>
				</fileset>
				<pathelement location="${lib.dir}/lab3.jar"/>
			</classpath>
		</java>
		<echo>Deploying to tomcat...</echo>
		<deploy url="${tomcatUrl}" username="${tomcatUsername}"
				password="${tomcatPassword}" path="/${service.name}"
				localWar="file:${root.location}/war/${service.name}.war" />
	</target>
	
	<target name="undeployWS" description="Undeploy service in tomcat">
		<echo>Undeploying...</echo>
		<undeploy url="${tomcatUrl}" username="${tomcatUsername}"
				  password="${tomcatPassword}" path="/${service.name}" failonerror="false"/>
	</target>

	<target name="startWS" description="Start service in tomcat">
		<echo>Starting...</echo>
		<start url="${tomcatUrl}" username="${tomcatUsername}" password="${tomcatPassword}"
			   path="/${service.name}" />
	</target>

	<target name="stopWS" description="Stop service in tomcat">
		<echo>Stopping...</echo>
		<stop url="${tomcatUrl}" username="${tomcatUsername}" password="${tomcatPassword}"
			  path="/${service.name}" />
	</target>

	<target name="reloadWS" description="Reload service in tomcat">
		<echo>Reloading...</echo>
		<reload url="${tomcatUrl}" username="${tomcatUsername}" password="${tomcatPassword}"
			    path="/${service.name}" />
	</target>

	<target name="redeployWS" depends="undeployWS" description="Redeploy service in tomcat">
		<antcall target="deployWS" />
	</target>

</project>
