<?xml version="1.0" encoding="UTF-8" standalone="yes"?>
<ns2:Network xmlns:ns2="http://www.example.org/Assignment1/">
    <NF-FGs>
        <NF-FG name="Nffg4" deployTime="2016-09-25T06:50:20.000+02:00">
            <node name="WEBCLIENTt0Nffg4" hostName="H7">
                <link name="Link0" src="WEBCLIENTt0Nffg4" dst="NATa1Nffg4"/>
                <VNF name="WEBCLIENTt" type="WEB_CLIENT" memoryAmount="99" diskStorage="570"/>
            </node>
            <node name="WEBCLIENTt3Nffg4" hostName="H1">
                <link name="Link17" src="WEBCLIENTt3Nffg4" dst="NATa0Nffg4"/>
                <link name="Link6" src="WEBCLIENTt3Nffg4" dst="NATa1Nffg4"/>
                <VNF name="WEBCLIENTt" type="WEB_CLIENT" memoryAmount="99" diskStorage="570"/>
            </node>
            <node name="NATa1Nffg4" hostName="H6">
                <link name="Link11" src="NATa1Nffg4" dst="MAILSERVERt0Nffg4"/>
                <link name="Link16" src="NATa1Nffg4" dst="NATa0Nffg4"/>
                <link name="Link15" src="NATa1Nffg4" dst="WEBCLIENTt1Nffg4"/>
                <link name="Link1" src="NATa1Nffg4" dst="WEBCLIENTt0Nffg4"/>
                <link name="Link13" src="NATa1Nffg4" dst="WEBSERVERt1Nffg4"/>
                <link name="Link5" src="NATa1Nffg4" dst="WEBCLIENTt2Nffg4"/>
                <link name="Link7" src="NATa1Nffg4" dst="WEBCLIENTt3Nffg4"/>
                <link name="Link9" src="NATa1Nffg4" dst="MAILCLIENTt4Nffg4"/>
                <VNF name="NATa" type="NAT" memoryAmount="13" diskStorage="640"/>
            </node>
            <node name="MAILCLIENTt4Nffg4" hostName="H2">
                <link name="Link8" src="MAILCLIENTt4Nffg4" dst="NATa1Nffg4"/>
                <VNF name="MAILCLIENTt" type="MAIL_CLIENT" memoryAmount="9" diskStorage="140"/>
            </node>
            <node name="WEBCLIENTt2Nffg4" hostName="H0">
                <link name="Link4" src="WEBCLIENTt2Nffg4" dst="NATa1Nffg4"/>
                <VNF name="WEBCLIENTt" type="WEB_CLIENT" memoryAmount="99" diskStorage="570"/>
            </node>
            <node name="MAILSERVERt0Nffg4" hostName="H3">
                <link name="Link10" src="MAILSERVERt0Nffg4" dst="NATa1Nffg4"/>
                <VNF name="MAILSERVERt" type="MAIL_SERVER" memoryAmount="90" diskStorage="3400"/>
            </node>
            <node name="NATa0Nffg4" hostName="H5">
                <link name="Link14" src="NATa0Nffg4" dst="WEBCLIENTt0Nffg4"/>
                <link name="Link3" src="NATa0Nffg4" dst="WEBCLIENTt1Nffg4"/>
                <VNF name="NATa" type="NAT" memoryAmount="13" diskStorage="640"/>
            </node>
            <node name="WEBCLIENTt1Nffg4" hostName="H8">
                <link name="Link2" src="WEBCLIENTt1Nffg4" dst="NATa0Nffg4"/>
                <VNF name="WEBCLIENTt" type="WEB_CLIENT" memoryAmount="99" diskStorage="570"/>
            </node>
            <node name="WEBSERVERt1Nffg4" hostName="H5">
                <link name="Link12" src="WEBSERVERt1Nffg4" dst="NATa1Nffg4"/>
                <VNF name="WEBSERVERt" type="WEB_SERVER" memoryAmount="880" diskStorage="7600"/>
            </node>
        </NF-FG>
        <NF-FG name="Nffg3" deployTime="2016-09-28T23:00:20.000+02:00">
            <node name="NATb0Nffg3" hostName="H1">
                <link name="Link22" src="NATb0Nffg3" dst="MAILSERVERt0Nffg3"/>
                <link name="Link25" src="NATb0Nffg3" dst="MAILCLIENTt3Nffg3"/>
                <link name="Link47" src="NATb0Nffg3" dst="NATb4Nffg3"/>
                <link name="Link35" src="NATb0Nffg3" dst="MAILSERVERt3Nffg3"/>
                <link name="Link30" src="NATb0Nffg3" dst="MAILCLIENTt0Nffg3"/>
                <VNF name="NATb" type="NAT" memoryAmount="82" diskStorage="150"/>
            </node>
            <node name="WEBSERVERt2Nffg3" hostName="H8">
                <link name="Link42" src="WEBSERVERt2Nffg3" dst="NATb0Nffg3"/>
                <link name="Link49" src="WEBSERVERt2Nffg3" dst="NATa3Nffg3"/>
                <link name="Link14" src="WEBSERVERt2Nffg3" dst="NATb2Nffg3"/>
                <VNF name="WEBSERVERt" type="WEB_SERVER" memoryAmount="880" diskStorage="7600"/>
            </node>
            <node name="NATa3Nffg3" hostName="H4">
                <link name="Link11" src="NATa3Nffg3" dst="MAILSERVERt0Nffg3"/>
                <link name="Link37" src="NATa3Nffg3" dst="NATb5Nffg3"/>
                <link name="Link13" src="NATa3Nffg3" dst="MAILSERVERt1Nffg3"/>
                <link name="Link29" src="NATa3Nffg3" dst="NATb2Nffg3"/>
                <link name="Link50" src="NATa3Nffg3" dst="MAILCLIENTt1Nffg3"/>
                <link name="Link9" src="NATa3Nffg3" dst="WEBCLIENTt4Nffg3"/>
                <VNF name="NATa" type="NAT" memoryAmount="13" diskStorage="640"/>
            </node>
            <node name="MAILCLIENTt1Nffg3" hostName="H2">
                <link name="Link53" src="MAILCLIENTt1Nffg3" dst="NATb4Nffg3"/>
                <link name="Link2" src="MAILCLIENTt1Nffg3" dst="NATb1Nffg3"/>
                <VNF name="MAILCLIENTt" type="MAIL_CLIENT" memoryAmount="9" diskStorage="140"/>
            </node>
            <node name="WEBCLIENTt4Nffg3" hostName="H5">
                <link name="Link27" src="WEBCLIENTt4Nffg3" dst="NATb0Nffg3"/>
                <link name="Link8" src="WEBCLIENTt4Nffg3" dst="NATa3Nffg3"/>
                <VNF name="WEBCLIENTt" type="WEB_CLIENT" memoryAmount="99" diskStorage="570"/>
            </node>
            <node name="MAILSERVERt1Nffg3" hostName="H7">
                <link name="Link12" src="MAILSERVERt1Nffg3" dst="NATa3Nffg3"/>
                <link name="Link44" src="MAILSERVERt1Nffg3" dst="NATb2Nffg3"/>
                <VNF name="MAILSERVERt" type="MAIL_SERVER" memoryAmount="90" diskStorage="3400"/>
            </node>
            <node name="NATb1Nffg3" hostName="H2">
                <link name="Link45" src="NATb1Nffg3" dst="WEBCLIENTt4Nffg3"/>
                <link name="Link33" src="NATb1Nffg3" dst="WEBSERVERt2Nffg3"/>
                <link name="Link46" src="NATb1Nffg3" dst="WEBCLIENTt2Nffg3"/>
                <link name="Link3" src="NATb1Nffg3" dst="MAILCLIENTt1Nffg3"/>
                <link name="Link18" src="NATb1Nffg3" dst="NATa3Nffg3"/>
                <link name="Link52" src="NATb1Nffg3" dst="MAILSERVERt1Nffg3"/>
                <VNF name="NATb" type="NAT" memoryAmount="82" diskStorage="150"/>
            </node>
            <node name="WEBCLIENTt2Nffg3" hostName="H3">
                <link name="Link54" src="WEBCLIENTt2Nffg3" dst="NATb0Nffg3"/>
                <link name="Link38" src="WEBCLIENTt2Nffg3" dst="NATb2Nffg3"/>
                <link name="Link59" src="WEBCLIENTt2Nffg3" dst="NATa3Nffg3"/>
                <link name="Link4" src="WEBCLIENTt2Nffg3" dst="NATb5Nffg3"/>
                <link name="Link51" src="WEBCLIENTt2Nffg3" dst="NATb4Nffg3"/>
                <VNF name="WEBCLIENTt" type="WEB_CLIENT" memoryAmount="99" diskStorage="570"/>
            </node>
            <node name="NATb5Nffg3" hostName="H6">
                <link name="Link23" src="NATb5Nffg3" dst="MAILCLIENTt0Nffg3"/>
                <link name="Link56" src="NATb5Nffg3" dst="NATb1Nffg3"/>
                <link name="Link55" src="NATb5Nffg3" dst="MAILCLIENTt1Nffg3"/>
                <link name="Link36" src="NATb5Nffg3" dst="NATb2Nffg3"/>
                <link name="Link24" src="NATb5Nffg3" dst="MAILSERVERt3Nffg3"/>
                <link name="Link5" src="NATb5Nffg3" dst="WEBCLIENTt2Nffg3"/>
                <link name="Link7" src="NATb5Nffg3" dst="MAILCLIENTt3Nffg3"/>
                <VNF name="NATb" type="NAT" memoryAmount="82" diskStorage="150"/>
            </node>
            <node name="MAILSERVERt0Nffg3" hostName="H6">
                <link name="Link10" src="MAILSERVERt0Nffg3" dst="NATa3Nffg3"/>
                <VNF name="MAILSERVERt" type="MAIL_SERVER" memoryAmount="90" diskStorage="3400"/>
            </node>
            <node name="MAILSERVERt3Nffg3" hostName="H0">
                <link name="Link31" src="MAILSERVERt3Nffg3" dst="NATb5Nffg3"/>
                <link name="Link16" src="MAILSERVERt3Nffg3" dst="NATb4Nffg3"/>
                <link name="Link57" src="MAILSERVERt3Nffg3" dst="NATb2Nffg3"/>
                <link name="Link19" src="MAILSERVERt3Nffg3" dst="NATb0Nffg3"/>
                <VNF name="MAILSERVERt" type="MAIL_SERVER" memoryAmount="90" diskStorage="3400"/>
            </node>
            <node name="NATb2Nffg3" hostName="H3">
                <link name="Link15" src="NATb2Nffg3" dst="WEBSERVERt2Nffg3"/>
                <link name="Link26" src="NATb2Nffg3" dst="NATb5Nffg3"/>
                <link name="Link48" src="NATb2Nffg3" dst="MAILCLIENTt1Nffg3"/>
                <link name="Link39" src="NATb2Nffg3" dst="WEBCLIENTt4Nffg3"/>
                <link name="Link41" src="NATb2Nffg3" dst="NATa3Nffg3"/>
                <VNF name="NATb" type="NAT" memoryAmount="82" diskStorage="150"/>
            </node>
            <node name="NATb4Nffg3" hostName="H5">
                <link name="Link34" src="NATb4Nffg3" dst="WEBCLIENTt2Nffg3"/>
                <link name="Link21" src="NATb4Nffg3" dst="MAILSERVERt0Nffg3"/>
                <link name="Link43" src="NATb4Nffg3" dst="NATb0Nffg3"/>
                <link name="Link20" src="NATb4Nffg3" dst="NATb1Nffg3"/>
                <link name="Link58" src="NATb4Nffg3" dst="MAILCLIENTt3Nffg3"/>
                <link name="Link1" src="NATb4Nffg3" dst="MAILCLIENTt0Nffg3"/>
                <link name="Link17" src="NATb4Nffg3" dst="MAILSERVERt3Nffg3"/>
                <link name="Link40" src="NATb4Nffg3" dst="MAILCLIENTt1Nffg3"/>
                <link name="Link61" src="NATb4Nffg3" dst="WEBCLIENTt4Nffg3"/>
                <VNF name="NATb" type="NAT" memoryAmount="82" diskStorage="150"/>
            </node>
            <node name="MAILCLIENTt0Nffg3" hostName="H1">
                <link name="Link32" src="MAILCLIENTt0Nffg3" dst="NATb1Nffg3"/>
                <link name="Link0" src="MAILCLIENTt0Nffg3" dst="NATb4Nffg3"/>
                <VNF name="MAILCLIENTt" type="MAIL_CLIENT" memoryAmount="9" diskStorage="140"/>
            </node>
            <node name="MAILCLIENTt3Nffg3" hostName="H4">
                <link name="Link28" src="MAILCLIENTt3Nffg3" dst="NATa3Nffg3"/>
                <link name="Link6" src="MAILCLIENTt3Nffg3" dst="NATb5Nffg3"/>
                <link name="Link60" src="MAILCLIENTt3Nffg3" dst="NATb2Nffg3"/>
                <VNF name="MAILCLIENTt" type="MAIL_CLIENT" memoryAmount="9" diskStorage="140"/>
            </node>
        </NF-FG>
        <NF-FG name="Nffg2" deployTime="2016-09-28T22:40:20.000+02:00">
            <node name="WEBSERVERt0Nffg2" hostName="H6">
                <link name="Link4" src="WEBSERVERt0Nffg2" dst="NATa0Nffg2"/>
                <VNF name="WEBSERVERt" type="WEB_SERVER" memoryAmount="880" diskStorage="7600"/>
            </node>
            <node name="NATa1Nffg2" hostName="H8">
                <link name="Link3" src="NATa1Nffg2" dst="MAILCLIENTt1Nffg2"/>
                <VNF name="NATa" type="NAT" memoryAmount="13" diskStorage="640"/>
            </node>
            <node name="MAILCLIENTt1Nffg2" hostName="H5">
                <link name="Link2" src="MAILCLIENTt1Nffg2" dst="NATa1Nffg2"/>
                <VNF name="MAILCLIENTt" type="MAIL_CLIENT" memoryAmount="9" diskStorage="140"/>
            </node>
            <node name="NATa0Nffg2" hostName="H7">
                <link name="Link11" src="NATa0Nffg2" dst="MAILCLIENTt1Nffg2"/>
                <link name="Link10" src="NATa0Nffg2" dst="NATb2Nffg2"/>
                <link name="Link1" src="NATa0Nffg2" dst="MAILCLIENTt0Nffg2"/>
                <link name="Link5" src="NATa0Nffg2" dst="WEBSERVERt0Nffg2"/>
                <link name="Link7" src="NATa0Nffg2" dst="NATa1Nffg2"/>
                <VNF name="NATa" type="NAT" memoryAmount="13" diskStorage="640"/>
            </node>
            <node name="NATb2Nffg2" hostName="H0">
                <link name="Link6" src="NATb2Nffg2" dst="NATa1Nffg2"/>
                <link name="Link9" src="NATb2Nffg2" dst="MAILCLIENTt1Nffg2"/>
                <VNF name="NATb" type="NAT" memoryAmount="82" diskStorage="150"/>
            </node>
            <node name="MAILCLIENTt0Nffg2" hostName="H4">
                <link name="Link0" src="MAILCLIENTt0Nffg2" dst="NATa0Nffg2"/>
                <link name="Link8" src="MAILCLIENTt0Nffg2" dst="NATa1Nffg2"/>
                <VNF name="MAILCLIENTt" type="MAIL_CLIENT" memoryAmount="9" diskStorage="140"/>
            </node>
        </NF-FG>
        <NF-FG name="Nffg1" deployTime="2016-09-25T08:02:20.000+02:00">
            <node name="WEBCLIENTt2Nffg1" hostName="H8">
                <link name="Link4" src="WEBCLIENTt2Nffg1" dst="NATb0Nffg1"/>
                <VNF name="WEBCLIENTt" type="WEB_CLIENT" memoryAmount="99" diskStorage="570"/>
            </node>
            <node name="NATb0Nffg1" hostName="H2">
                <link name="Link5" src="NATb0Nffg1" dst="WEBCLIENTt2Nffg1"/>
                <link name="Link9" src="NATb0Nffg1" dst="MAILSERVERt0Nffg1"/>
                <VNF name="NATb" type="NAT" memoryAmount="82" diskStorage="150"/>
            </node>
            <node name="MAILCLIENTt1Nffg1" hostName="H7">
                <link name="Link2" src="MAILCLIENTt1Nffg1" dst="NATa1Nffg1"/>
                <VNF name="MAILCLIENTt" type="MAIL_CLIENT" memoryAmount="9" diskStorage="140"/>
            </node>
            <node name="WEBCLIENTt3Nffg1" hostName="H0">
                <link name="Link6" src="WEBCLIENTt3Nffg1" dst="NATa1Nffg1"/>
                <VNF name="WEBCLIENTt" type="WEB_CLIENT" memoryAmount="99" diskStorage="570"/>
            </node>
            <node name="WEBCLIENTt0Nffg1" hostName="H6">
                <link name="Link0" src="WEBCLIENTt0Nffg1" dst="NATa1Nffg1"/>
                <VNF name="WEBCLIENTt" type="WEB_CLIENT" memoryAmount="99" diskStorage="570"/>
            </node>
            <node name="MAILSERVERt0Nffg1" hostName="H1">
                <link name="Link8" src="MAILSERVERt0Nffg1" dst="NATb0Nffg1"/>
                <VNF name="MAILSERVERt" type="MAIL_SERVER" memoryAmount="90" diskStorage="3400"/>
            </node>
            <node name="NATa1Nffg1" hostName="H3">
                <link name="Link1" src="NATa1Nffg1" dst="WEBCLIENTt0Nffg1"/>
                <link name="Link3" src="NATa1Nffg1" dst="MAILCLIENTt1Nffg1"/>
                <link name="Link7" src="NATa1Nffg1" dst="WEBCLIENTt3Nffg1"/>
                <VNF name="NATa" type="NAT" memoryAmount="13" diskStorage="640"/>
            </node>
        </NF-FG>
        <NF-FG name="Nffg5" deployTime="2016-09-25T00:58:20.000+02:00">
            <node name="WEBSERVERt1Nffg5" hostName="H0">
                <link name="Link4" src="WEBSERVERt1Nffg5" dst="NATb0Nffg5"/>
                <VNF name="WEBSERVERt" type="WEB_SERVER" memoryAmount="880" diskStorage="7600"/>
            </node>
            <node name="WEBSERVERt3Nffg5" hostName="H3">
                <link name="Link8" src="WEBSERVERt3Nffg5" dst="NATb0Nffg5"/>
                <VNF name="WEBSERVERt" type="WEB_SERVER" memoryAmount="880" diskStorage="7600"/>
            </node>
            <node name="NATb0Nffg5" hostName="H3">
                <link name="Link1" src="NATb0Nffg5" dst="MAILCLIENTt0Nffg5"/>
                <link name="Link3" src="NATb0Nffg5" dst="MAILSERVERt0Nffg5"/>
                <link name="Link5" src="NATb0Nffg5" dst="WEBSERVERt1Nffg5"/>
                <link name="Link7" src="NATb0Nffg5" dst="WEBSERVERt2Nffg5"/>
                <link name="Link9" src="NATb0Nffg5" dst="WEBSERVERt3Nffg5"/>
                <VNF name="NATb" type="NAT" memoryAmount="82" diskStorage="150"/>
            </node>
            <node name="WEBSERVERt2Nffg5" hostName="H1">
                <link name="Link6" src="WEBSERVERt2Nffg5" dst="NATb0Nffg5"/>
                <VNF name="WEBSERVERt" type="WEB_SERVER" memoryAmount="880" diskStorage="7600"/>
            </node>
            <node name="MAILCLIENTt0Nffg5" hostName="H7">
                <link name="Link0" src="MAILCLIENTt0Nffg5" dst="NATb0Nffg5"/>
                <VNF name="MAILCLIENTt" type="MAIL_CLIENT" memoryAmount="9" diskStorage="140"/>
            </node>
            <node name="MAILSERVERt0Nffg5" hostName="H8">
                <link name="Link2" src="MAILSERVERt0Nffg5" dst="NATb0Nffg5"/>
                <VNF name="MAILSERVERt" type="MAIL_SERVER" memoryAmount="90" diskStorage="3400"/>
            </node>
        </NF-FG>
        <NF-FG name="Nffg0" deployTime="2016-09-26T00:16:20.000+02:00">
            <node name="WEBSERVERt2Nffg0" hostName="H3">
                <link name="Link6" src="WEBSERVERt2Nffg0" dst="NATb8Nffg0"/>
                <VNF name="WEBSERVERt" type="WEB_SERVER" memoryAmount="880" diskStorage="7600"/>
            </node>
            <node name="NATa0Nffg0" hostName="H5">
                <link name="Link11" src="NATa0Nffg0" dst="NATa2Nffg0"/>
                <VNF name="NATa" type="NAT" memoryAmount="13" diskStorage="640"/>
            </node>
            <node name="NATb6Nffg0" hostName="H2">
                <link name="Link3" src="NATb6Nffg0" dst="WEBSERVERt0Nffg0"/>
                <VNF name="NATb" type="NAT" memoryAmount="82" diskStorage="150"/>
            </node>
            <node name="NATa3Nffg0" hostName="H8">
                <link name="Link15" src="NATa3Nffg0" dst="NATa0Nffg0"/>
                <VNF name="NATa" type="NAT" memoryAmount="13" diskStorage="640"/>
            </node>
            <node name="NATa2Nffg0" hostName="H7">
                <link name="Link16" src="NATa2Nffg0" dst="NATa0Nffg0"/>
                <link name="Link13" src="NATa2Nffg0" dst="WEBSERVERt2Nffg0"/>
                <VNF name="NATa" type="NAT" memoryAmount="13" diskStorage="640"/>
            </node>
            <node name="NATa5Nffg0" hostName="H1">
                <link name="Link14" src="NATa5Nffg0" dst="NATb9Nffg0"/>
                <VNF name="NATa" type="NAT" memoryAmount="13" diskStorage="640"/>
            </node>
            <node name="NATb8Nffg0" hostName="H4">
                <link name="Link7" src="NATb8Nffg0" dst="WEBSERVERt2Nffg0"/>
                <VNF name="NATb" type="NAT" memoryAmount="82" diskStorage="150"/>
            </node>
            <node name="MAILSERVERt1Nffg0" hostName="H2">
                <link name="Link4" src="MAILSERVERt1Nffg0" dst="NATb4Nffg0"/>
                <VNF name="MAILSERVERt" type="MAIL_SERVER" memoryAmount="90" diskStorage="3400"/>
            </node>
            <node name="WEBSERVERt0Nffg0" hostName="H1">
                <link name="Link10" src="WEBSERVERt0Nffg0" dst="NATb7Nffg0"/>
                <link name="Link2" src="WEBSERVERt0Nffg0" dst="NATb6Nffg0"/>
                <VNF name="WEBSERVERt" type="WEB_SERVER" memoryAmount="880" diskStorage="7600"/>
            </node>
            <node name="WEBSERVERt3Nffg0" hostName="H4">
                <link name="Link8" src="WEBSERVERt3Nffg0" dst="NATb7Nffg0"/>
                <VNF name="WEBSERVERt" type="WEB_SERVER" memoryAmount="880" diskStorage="7600"/>
            </node>
            <node name="NATb1Nffg0" hostName="H6">
                <VNF name="NATb" type="NAT" memoryAmount="82" diskStorage="150"/>
            </node>
            <node name="NATb4Nffg0" hostName="H0">
                <link name="Link1" src="NATb4Nffg0" dst="WEBCLIENTt0Nffg0"/>
                <link name="Link5" src="NATb4Nffg0" dst="MAILSERVERt1Nffg0"/>
                <VNF name="NATb" type="NAT" memoryAmount="82" diskStorage="150"/>
            </node>
            <node name="NATb7Nffg0" hostName="H3">
                <link name="Link9" src="NATb7Nffg0" dst="WEBSERVERt3Nffg0"/>
                <VNF name="NATb" type="NAT" memoryAmount="82" diskStorage="150"/>
            </node>
            <node name="NATb9Nffg0" hostName="H5">
                <link name="Link12" src="NATb9Nffg0" dst="NATa5Nffg0"/>
                <VNF name="NATb" type="NAT" memoryAmount="82" diskStorage="150"/>
            </node>
            <node name="WEBCLIENTt0Nffg0" hostName="H0">
                <link name="Link0" src="WEBCLIENTt0Nffg0" dst="NATb4Nffg0"/>
                <VNF name="WEBCLIENTt" type="WEB_CLIENT" memoryAmount="99" diskStorage="570"/>
            </node>
        </NF-FG>
    </NF-FGs>
    <Hosts>
        <Host name="H8" maxNumberVFN="18" memoryAmount="5300" diskStorage="20000">
            <node name="WEBCLIENTt2Nffg1" hostName="H8">
                <VNF name="WEBCLIENTt" type="WEB_CLIENT" memoryAmount="99" diskStorage="570"/>
            </node>
            <node name="NATa1Nffg2" hostName="H8">
                <VNF name="NATa" type="NAT" memoryAmount="13" diskStorage="640"/>
            </node>
            <node name="WEBSERVERt2Nffg3" hostName="H8">
                <VNF name="WEBSERVERt" type="WEB_SERVER" memoryAmount="880" diskStorage="7600"/>
            </node>
            <node name="NATa3Nffg0" hostName="H8">
                <VNF name="NATa" type="NAT" memoryAmount="13" diskStorage="640"/>
            </node>
            <node name="WEBCLIENTt1Nffg4" hostName="H8">
                <VNF name="WEBCLIENTt" type="WEB_CLIENT" memoryAmount="99" diskStorage="570"/>
            </node>
            <node name="MAILSERVERt0Nffg5" hostName="H8">
                <VNF name="MAILSERVERt" type="MAIL_SERVER" memoryAmount="90" diskStorage="3400"/>
            </node>
        </Host>
        <Host name="H0" maxNumberVFN="13" memoryAmount="5000" diskStorage="54000">
            <node name="WEBSERVERt1Nffg5" hostName="H0">
                <VNF name="WEBSERVERt" type="WEB_SERVER" memoryAmount="880" diskStorage="7600"/>
            </node>
            <node name="WEBCLIENTt3Nffg1" hostName="H0">
                <VNF name="WEBCLIENTt" type="WEB_CLIENT" memoryAmount="99" diskStorage="570"/>
            </node>
            <node name="WEBCLIENTt2Nffg4" hostName="H0">
                <VNF name="WEBCLIENTt" type="WEB_CLIENT" memoryAmount="99" diskStorage="570"/>
            </node>
            <node name="NATb4Nffg0" hostName="H0">
                <VNF name="NATb" type="NAT" memoryAmount="82" diskStorage="150"/>
            </node>
            <node name="MAILSERVERt3Nffg3" hostName="H0">
                <VNF name="MAILSERVERt" type="MAIL_SERVER" memoryAmount="90" diskStorage="3400"/>
            </node>
            <node name="NATb2Nffg2" hostName="H0">
                <VNF name="NATb" type="NAT" memoryAmount="82" diskStorage="150"/>
            </node>
            <node name="WEBCLIENTt0Nffg0" hostName="H0">
                <VNF name="WEBCLIENTt" type="WEB_CLIENT" memoryAmount="99" diskStorage="570"/>
            </node>
        </Host>
        <Host name="H1" maxNumberVFN="9" memoryAmount="7300" diskStorage="94000">
            <node name="WEBSERVERt0Nffg0" hostName="H1">
                <VNF name="WEBSERVERt" type="WEB_SERVER" memoryAmount="880" diskStorage="7600"/>
            </node>
            <node name="NATb0Nffg3" hostName="H1">
                <VNF name="NATb" type="NAT" memoryAmount="82" diskStorage="150"/>
            </node>
            <node name="WEBCLIENTt3Nffg4" hostName="H1">
                <VNF name="WEBCLIENTt" type="WEB_CLIENT" memoryAmount="99" diskStorage="570"/>
            </node>
            <node name="WEBSERVERt2Nffg5" hostName="H1">
                <VNF name="WEBSERVERt" type="WEB_SERVER" memoryAmount="880" diskStorage="7600"/>
            </node>
            <node name="NATa5Nffg0" hostName="H1">
                <VNF name="NATa" type="NAT" memoryAmount="13" diskStorage="640"/>
            </node>
            <node name="MAILCLIENTt0Nffg3" hostName="H1">
                <VNF name="MAILCLIENTt" type="MAIL_CLIENT" memoryAmount="9" diskStorage="140"/>
            </node>
            <node name="MAILSERVERt0Nffg1" hostName="H1">
                <VNF name="MAILSERVERt" type="MAIL_SERVER" memoryAmount="90" diskStorage="3400"/>
            </node>
        </Host>
        <Host name="H2" maxNumberVFN="6" memoryAmount="2000" diskStorage="69000">
            <node name="NATb0Nffg1" hostName="H2">
                <VNF name="NATb" type="NAT" memoryAmount="82" diskStorage="150"/>
            </node>
            <node name="MAILSERVERt1Nffg0" hostName="H2">
                <VNF name="MAILSERVERt" type="MAIL_SERVER" memoryAmount="90" diskStorage="3400"/>
            </node>
            <node name="MAILCLIENTt4Nffg4" hostName="H2">
                <VNF name="MAILCLIENTt" type="MAIL_CLIENT" memoryAmount="9" diskStorage="140"/>
            </node>
            <node name="NATb6Nffg0" hostName="H2">
                <VNF name="NATb" type="NAT" memoryAmount="82" diskStorage="150"/>
            </node>
            <node name="NATb1Nffg3" hostName="H2">
                <VNF name="NATb" type="NAT" memoryAmount="82" diskStorage="150"/>
            </node>
            <node name="MAILCLIENTt1Nffg3" hostName="H2">
                <VNF name="MAILCLIENTt" type="MAIL_CLIENT" memoryAmount="9" diskStorage="140"/>
            </node>
        </Host>
        <Host name="H3" maxNumberVFN="15" memoryAmount="8800" diskStorage="62000">
            <node name="WEBSERVERt2Nffg0" hostName="H3">
                <VNF name="WEBSERVERt" type="WEB_SERVER" memoryAmount="880" diskStorage="7600"/>
            </node>
            <node name="WEBSERVERt3Nffg5" hostName="H3">
                <VNF name="WEBSERVERt" type="WEB_SERVER" memoryAmount="880" diskStorage="7600"/>
            </node>
            <node name="NATb0Nffg5" hostName="H3">
                <VNF name="NATb" type="NAT" memoryAmount="82" diskStorage="150"/>
            </node>
            <node name="WEBCLIENTt2Nffg3" hostName="H3">
                <VNF name="WEBCLIENTt" type="WEB_CLIENT" memoryAmount="99" diskStorage="570"/>
            </node>
            <node name="MAILSERVERt0Nffg4" hostName="H3">
                <VNF name="MAILSERVERt" type="MAIL_SERVER" memoryAmount="90" diskStorage="3400"/>
            </node>
            <node name="NATb7Nffg0" hostName="H3">
                <VNF name="NATb" type="NAT" memoryAmount="82" diskStorage="150"/>
            </node>
            <node name="NATb2Nffg3" hostName="H3">
                <VNF name="NATb" type="NAT" memoryAmount="82" diskStorage="150"/>
            </node>
            <node name="NATa1Nffg1" hostName="H3">
                <VNF name="NATa" type="NAT" memoryAmount="13" diskStorage="640"/>
            </node>
        </Host>
        <Host name="H4" maxNumberVFN="5" memoryAmount="4000" diskStorage="18000">
            <node name="NATb8Nffg0" hostName="H4">
                <VNF name="NATb" type="NAT" memoryAmount="82" diskStorage="150"/>
            </node>
            <node name="WEBSERVERt3Nffg0" hostName="H4">
                <VNF name="WEBSERVERt" type="WEB_SERVER" memoryAmount="880" diskStorage="7600"/>
            </node>
            <node name="NATa3Nffg3" hostName="H4">
                <VNF name="NATa" type="NAT" memoryAmount="13" diskStorage="640"/>
            </node>
            <node name="MAILCLIENTt0Nffg2" hostName="H4">
                <VNF name="MAILCLIENTt" type="MAIL_CLIENT" memoryAmount="9" diskStorage="140"/>
            </node>
            <node name="MAILCLIENTt3Nffg3" hostName="H4">
                <VNF name="MAILCLIENTt" type="MAIL_CLIENT" memoryAmount="9" diskStorage="140"/>
            </node>
        </Host>
        <Host name="H5" maxNumberVFN="17" memoryAmount="9300" diskStorage="80000">
            <node name="NATa0Nffg0" hostName="H5">
                <VNF name="NATa" type="NAT" memoryAmount="13" diskStorage="640"/>
            </node>
            <node name="MAILCLIENTt1Nffg2" hostName="H5">
                <VNF name="MAILCLIENTt" type="MAIL_CLIENT" memoryAmount="9" diskStorage="140"/>
            </node>
            <node name="NATa0Nffg4" hostName="H5">
                <VNF name="NATa" type="NAT" memoryAmount="13" diskStorage="640"/>
            </node>
            <node name="NATb9Nffg0" hostName="H5">
                <VNF name="NATb" type="NAT" memoryAmount="82" diskStorage="150"/>
            </node>
            <node name="NATb4Nffg3" hostName="H5">
                <VNF name="NATb" type="NAT" memoryAmount="82" diskStorage="150"/>
            </node>
            <node name="WEBSERVERt1Nffg4" hostName="H5">
                <VNF name="WEBSERVERt" type="WEB_SERVER" memoryAmount="880" diskStorage="7600"/>
            </node>
            <node name="WEBCLIENTt4Nffg3" hostName="H5">
                <VNF name="WEBCLIENTt" type="WEB_CLIENT" memoryAmount="99" diskStorage="570"/>
            </node>
        </Host>
        <Host name="H6" maxNumberVFN="15" memoryAmount="9200" diskStorage="49000">
            <node name="WEBSERVERt0Nffg2" hostName="H6">
                <VNF name="WEBSERVERt" type="WEB_SERVER" memoryAmount="880" diskStorage="7600"/>
            </node>
            <node name="NATa1Nffg4" hostName="H6">
                <VNF name="NATa" type="NAT" memoryAmount="13" diskStorage="640"/>
            </node>
            <node name="NATb5Nffg3" hostName="H6">
                <VNF name="NATb" type="NAT" memoryAmount="82" diskStorage="150"/>
            </node>
            <node name="NATb1Nffg0" hostName="H6">
                <VNF name="NATb" type="NAT" memoryAmount="82" diskStorage="150"/>
            </node>
            <node name="MAILSERVERt0Nffg3" hostName="H6">
                <VNF name="MAILSERVERt" type="MAIL_SERVER" memoryAmount="90" diskStorage="3400"/>
            </node>
            <node name="WEBCLIENTt0Nffg1" hostName="H6">
                <VNF name="WEBCLIENTt" type="WEB_CLIENT" memoryAmount="99" diskStorage="570"/>
            </node>
        </Host>
        <Host name="H7" maxNumberVFN="7" memoryAmount="5900" diskStorage="19000">
            <node name="WEBCLIENTt0Nffg4" hostName="H7">
                <VNF name="WEBCLIENTt" type="WEB_CLIENT" memoryAmount="99" diskStorage="570"/>
            </node>
            <node name="MAILSERVERt1Nffg3" hostName="H7">
                <VNF name="MAILSERVERt" type="MAIL_SERVER" memoryAmount="90" diskStorage="3400"/>
            </node>
            <node name="MAILCLIENTt1Nffg1" hostName="H7">
                <VNF name="MAILCLIENTt" type="MAIL_CLIENT" memoryAmount="9" diskStorage="140"/>
            </node>
            <node name="NATa2Nffg0" hostName="H7">
                <VNF name="NATa" type="NAT" memoryAmount="13" diskStorage="640"/>
            </node>
            <node name="MAILCLIENTt0Nffg5" hostName="H7">
                <VNF name="MAILCLIENTt" type="MAIL_CLIENT" memoryAmount="9" diskStorage="140"/>
            </node>
            <node name="NATa0Nffg2" hostName="H7">
                <VNF name="NATa" type="NAT" memoryAmount="13" diskStorage="640"/>
            </node>
        </Host>
    </Hosts>
    <VNFs>
        <VNF name="MAILCLIENTt" type="MAIL_CLIENT" memoryAmount="9" diskStorage="140"/>
        <VNF name="WEBCLIENTt" type="WEB_CLIENT" memoryAmount="99" diskStorage="570"/>
        <VNF name="MAILSERVERt" type="MAIL_SERVER" memoryAmount="90" diskStorage="3400"/>
        <VNF name="WEBSERVERt" type="WEB_SERVER" memoryAmount="880" diskStorage="7600"/>
        <VNF name="NATa" type="NAT" memoryAmount="13" diskStorage="640"/>
        <VNF name="NATb" type="NAT" memoryAmount="82" diskStorage="150"/>
    </VNFs>
    <Connections>
        <Connection src="H8" dst="H8" latency="0" averageThroughput="48.59"/>
        <Connection src="H8" dst="H0" latency="72" averageThroughput="87.79"/>
        <Connection src="H8" dst="H1" latency="43" averageThroughput="88.69"/>
        <Connection src="H8" dst="H2" latency="35" averageThroughput="23.22"/>
        <Connection src="H8" dst="H3" latency="45" averageThroughput="62.66"/>
        <Connection src="H8" dst="H4" latency="57" averageThroughput="92.9"/>
        <Connection src="H8" dst="H5" latency="69" averageThroughput="86.29"/>
        <Connection src="H8" dst="H6" latency="56" averageThroughput="85.65"/>
        <Connection src="H8" dst="H7" latency="45" averageThroughput="63.96"/>
        <Connection src="H0" dst="H8" latency="72" averageThroughput="1.85"/>
        <Connection src="H0" dst="H0" latency="0" averageThroughput="86.56"/>
        <Connection src="H0" dst="H1" latency="67" averageThroughput="4.73"/>
        <Connection src="H0" dst="H2" latency="101" averageThroughput="76.51"/>
        <Connection src="H0" dst="H3" latency="63" averageThroughput="58.12"/>
        <Connection src="H0" dst="H4" latency="82" averageThroughput="3.37"/>
        <Connection src="H0" dst="H5" latency="82" averageThroughput="57.78"/>
        <Connection src="H0" dst="H6" latency="122" averageThroughput="21.31"/>
        <Connection src="H0" dst="H7" latency="90" averageThroughput="65.54"/>
        <Connection src="H1" dst="H8" latency="43" averageThroughput="42.64"/>
        <Connection src="H1" dst="H0" latency="67" averageThroughput="26.19"/>
        <Connection src="H1" dst="H1" latency="0" averageThroughput="83.11"/>
        <Connection src="H1" dst="H2" latency="48" averageThroughput="44.22"/>
        <Connection src="H1" dst="H3" latency="77" averageThroughput="3.72"/>
        <Connection src="H1" dst="H4" latency="19" averageThroughput="71.09"/>
        <Connection src="H1" dst="H5" latency="28" averageThroughput="79.52"/>
        <Connection src="H1" dst="H6" latency="64" averageThroughput="91.35"/>
        <Connection src="H1" dst="H7" latency="25" averageThroughput="94.91"/>
        <Connection src="H2" dst="H8" latency="35" averageThroughput="91.6"/>
        <Connection src="H2" dst="H0" latency="101" averageThroughput="90.39"/>
        <Connection src="H2" dst="H1" latency="48" averageThroughput="57.03"/>
        <Connection src="H2" dst="H2" latency="0" averageThroughput="69.6"/>
        <Connection src="H2" dst="H3" latency="77" averageThroughput="15.51"/>
        <Connection src="H2" dst="H4" latency="52" averageThroughput="30.12"/>
        <Connection src="H2" dst="H5" latency="66" averageThroughput="54.34"/>
        <Connection src="H2" dst="H6" latency="22" averageThroughput="46.84"/>
        <Connection src="H2" dst="H7" latency="31" averageThroughput="54.54"/>
        <Connection src="H3" dst="H8" latency="45" averageThroughput="49.02"/>
        <Connection src="H3" dst="H0" latency="63" averageThroughput="18.96"/>
        <Connection src="H3" dst="H1" latency="77" averageThroughput="92.35"/>
        <Connection src="H3" dst="H2" latency="77" averageThroughput="98.2"/>
        <Connection src="H3" dst="H3" latency="0" averageThroughput="10.96"/>
        <Connection src="H3" dst="H4" latency="95" averageThroughput="24.13"/>
        <Connection src="H3" dst="H5" latency="104" averageThroughput="19.63"/>
        <Connection src="H3" dst="H6" latency="97" averageThroughput="74.12"/>
        <Connection src="H3" dst="H7" latency="87" averageThroughput="1.54"/>
        <Connection src="H4" dst="H8" latency="57" averageThroughput="61.67"/>
        <Connection src="H4" dst="H0" latency="82" averageThroughput="80.02"/>
        <Connection src="H4" dst="H1" latency="19" averageThroughput="66.06"/>
        <Connection src="H4" dst="H2" latency="52" averageThroughput="41.2"/>
        <Connection src="H4" dst="H3" latency="95" averageThroughput="20.99"/>
        <Connection src="H4" dst="H4" latency="0" averageThroughput="57.65"/>
        <Connection src="H4" dst="H5" latency="15" averageThroughput="68.13"/>
        <Connection src="H4" dst="H6" latency="64" averageThroughput="87.98"/>
        <Connection src="H4" dst="H7" latency="23" averageThroughput="90.23"/>
        <Connection src="H5" dst="H8" latency="69" averageThroughput="35.2"/>
        <Connection src="H5" dst="H0" latency="82" averageThroughput="38.02"/>
        <Connection src="H5" dst="H1" latency="28" averageThroughput="3.9"/>
        <Connection src="H5" dst="H2" latency="66" averageThroughput="14.81"/>
        <Connection src="H5" dst="H3" latency="104" averageThroughput="97.64"/>
        <Connection src="H5" dst="H4" latency="15" averageThroughput="83.47"/>
        <Connection src="H5" dst="H5" latency="0" averageThroughput="95.47"/>
        <Connection src="H5" dst="H6" latency="78" averageThroughput="99.63"/>
        <Connection src="H5" dst="H7" latency="37" averageThroughput="15.86"/>
        <Connection src="H6" dst="H8" latency="56" averageThroughput="39.99"/>
        <Connection src="H6" dst="H0" latency="122" averageThroughput="30.1"/>
        <Connection src="H6" dst="H1" latency="64" averageThroughput="37.45"/>
        <Connection src="H6" dst="H2" latency="22" averageThroughput="86.88"/>
        <Connection src="H6" dst="H3" latency="97" averageThroughput="16.39"/>
        <Connection src="H6" dst="H4" latency="64" averageThroughput="62.35"/>
        <Connection src="H6" dst="H5" latency="78" averageThroughput="87.09"/>
        <Connection src="H6" dst="H6" latency="0" averageThroughput="71.41"/>
        <Connection src="H6" dst="H7" latency="42" averageThroughput="65.85"/>
        <Connection src="H7" dst="H8" latency="45" averageThroughput="95.05"/>
        <Connection src="H7" dst="H0" latency="90" averageThroughput="14.33"/>
        <Connection src="H7" dst="H1" latency="25" averageThroughput="9.81"/>
        <Connection src="H7" dst="H2" latency="31" averageThroughput="4.09"/>
        <Connection src="H7" dst="H3" latency="87" averageThroughput="51.3"/>
        <Connection src="H7" dst="H4" latency="23" averageThroughput="35.78"/>
        <Connection src="H7" dst="H5" latency="37" averageThroughput="98.37"/>
        <Connection src="H7" dst="H6" latency="42" averageThroughput="4.02"/>
        <Connection src="H7" dst="H7" latency="0" averageThroughput="98.5"/>
    </Connections>
</ns2:Network>
